6/7/2017,5,21,57,66,69,PB:13,PP:3,
6/3/2017,3,9,21,41,54,PB:25,PP:4,
5/31/2017,4,33,39,46,60,PB:6,PP:2,
5/27/2017,5,10,28,55,67,PB:9,PP:3,
5/24/2017,28,32,33,38,62,PB:15,PP:2,
5/20/2017,5,22,45,47,54,PB:3,PP:2,
5/17/2017,4,11,39,45,48,PB:9,PP:3,
5/13/2017,17,20,32,63,68,PB:19,PP:5,
5/10/2017,29,31,46,56,62,PB:8,PP:2,
5/6/2017,11,21,31,41,59,PB:21,PP:3,
5/3/2017,17,18,49,59,66,PB:9,PP:2,
4/29/2017,22,23,24,45,62,PB:5,PP:2,
4/26/2017,1,15,18,26,51,PB:26,PP:4,
4/22/2017,21,39,41,48,63,PB:6,PP:3,
4/19/2017,1,19,37,40,52,PB:15,PP:3,
4/15/2017,5,22,26,45,61,PB:13,PP:3,
4/12/2017,8,14,61,63,68,PB:24,PP:2,
4/8/2017,23,36,51,53,60,PB:15,PP:2,
4/5/2017,8,20,46,53,54,PB:13,PP:2,
4/1/2017,9,32,36,44,65,PB:1,PP:3,
3/29/2017,8,15,31,36,62,PB:11,PP:3,
3/25/2017,18,31,32,45,48,PB:16,PP:4,
3/22/2017,2,9,27,29,42,PB:9,PP:2,
3/18/2017,13,25,44,54,67,PB:5,PP:3,
3/15/2017,16,30,41,48,53,PB:16,PP:3,
3/11/2017,1,26,41,50,57,PB:11,PP:2,
3/8/2017,23,33,42,46,59,PB:4,PP:2,
3/4/2017,2,18,19,22,63,PB:19,PP:3,
3/1/2017,10,16,40,52,55,PB:17,PP:10,
2/25/2017,6,32,47,62,65,PB:19,PP:2,
2/22/2017,10,13,28,52,61,PB:2,PP:2,
2/18/2017,3,7,9,31,33,PB:20,PP:3,
2/15/2017,5,28,33,38,42,PB:19,PP:2,
2/11/2017,5,9,17,37,64,PB:2,PP:2,
2/8/2017,14,20,42,49,66,PB:5,PP:2,
2/4/2017,6,13,16,17,52,PB:25,PP:3,
2/1/2017,9,43,57,60,64,PB:10,PP:2,
1/28/2017,12,20,39,49,69,PB:17,PP:2,
1/25/2017,18,28,62,66,68,PB:22,PP:2,
1/21/2017,23,25,45,52,67,PB:2,PP:2,
1/18/2017,9,40,41,53,58,PB:12,PP:2,
1/14/2017,23,55,59,64,69,PB:13,PP:5,
1/11/2017,1,3,13,16,43,PB:24,PP:2,
1/7/2017,3,12,24,37,63,PB:10,PP:2,
1/4/2017,16,17,29,41,42,PB:4,PP:3,
12/31/2016,1,3,28,57,67,PB:9,PP:2,
12/28/2016,16,23,30,44,58,PB:4,PP:2,
12/24/2016,28,38,42,51,52,PB:21,PP:2,
12/21/2016,25,33,40,54,68,PB:3,PP:5,
12/17/2016,1,8,16,40,48,PB:10,PP:2,
12/14/2016,18,26,37,39,66,PB:15,PP:3,
12/10/2016,12,21,32,44,66,PB:15,PP:2,
12/7/2016,41,48,49,53,64,PB:20,PP:2,
12/3/2016,8,10,26,27,33,PB:22,PP:2,
11/30/2016,3,14,18,25,45,PB:7,PP:2,
11/26/2016,17,19,21,37,44,PB:16,PP:2,
11/23/2016,7,32,41,47,61,PB:3,PP:2,
11/19/2016,16,24,28,43,61,PB:21,PP:2,
11/16/2016,28,41,61,63,65,PB:7,PP:2,
11/12/2016,8,17,20,27,52,PB:24,PP:2,
11/9/2016,1,25,28,31,54,PB:2,PP:2,
11/5/2016,21,31,50,51,69,PB:8,PP:3,
11/2/2016,13,18,37,54,61,PB:5,PP:2,
10/29/2016,19,20,21,42,48,PB:23,PP:3,
10/26/2016,2,3,16,48,56,PB:24,PP:2,
10/22/2016,1,28,33,55,56,PB:22,PP:2,
10/19/2016,10,16,38,43,63,PB:23,PP:2,
10/15/2016,23,49,57,64,67,PB:20,PP:2,
10/12/2016,16,30,34,37,44,PB:16,PP:2,
10/8/2016,3,54,61,64,68,PB:9,PP:2,
10/5/2016,8,18,27,29,60,PB:15,PP:2,
10/1/2016,2,12,50,61,64,PB:1,PP:2,
9/28/2016,30,38,52,53,62,PB:1,PP:3,
9/24/2016,7,15,20,29,41,PB:22,PP:2,
9/21/2016,1,28,63,67,69,PB:17,PP:4,
9/17/2016,9,19,51,55,62,PB:14,PP:4,
9/14/2016,10,11,23,28,31,PB:14,PP:2,
9/10/2016,3,17,49,55,68,PB:8,PP:2,
9/7/2016,22,23,29,33,55,PB:21,PP:2,
9/3/2016,7,39,50,59,67,PB:25,PP:3,
8/31/2016,5,10,24,56,61,PB:12,PP:2,
8/27/2016,4,32,48,49,63,PB:20,PP:2,
8/24/2016,9,11,25,64,65,PB:16,PP:3,
8/20/2016,3,6,21,60,68,PB:24,PP:2,
8/17/2016,33,44,49,50,52,PB:8,PP:3,
8/13/2016,38,44,60,64,69,PB:6,PP:2,
8/10/2016,23,56,61,64,67,PB:12,PP:5,
8/6/2016,20,33,36,47,52,PB:12,PP:3,
8/3/2016,9,11,27,66,67,PB:2,PP:3,
7/30/2016,11,17,21,23,32,PB:5,PP:2,
7/27/2016,10,47,50,65,68,PB:24,PP:2,
7/23/2016,5,7,23,35,39,PB:11,PP:2,
7/20/2016,6,25,35,58,66,PB:5,PP:2,
7/16/2016,11,17,40,50,62,PB:26,PP:2,
7/13/2016,3,15,29,54,57,PB:10,PP:3,
7/9/2016,10,28,32,61,64,PB:12,PP:3,
7/6/2016,2,24,31,57,66,PB:18,PP:3,
7/2/2016,10,34,39,59,63,PB:4,PP:2,
6/29/2016,23,29,37,60,64,PB:6,PP:2,
6/25/2016,3,27,36,56,69,PB:25,PP:2,
6/22/2016,14,40,42,43,52,PB:17,PP:3,
6/18/2016,2,23,41,53,63,PB:11,PP:2,
6/15/2016,4,22,24,31,33,PB:10,PP:2,
6/11/2016,20,27,36,41,58,PB:7,PP:2,
6/8/2016,12,25,37,60,69,PB:20,PP:3,
6/4/2016,16,20,22,43,64,PB:17,PP:2,
6/1/2016,23,30,33,40,69,PB:12,PP:5,
5/28/2016,6,33,34,58,59,PB:12,PP:2,
5/25/2016,11,24,41,59,64,PB:15,PP:3,
5/21/2016,5,7,9,23,32,PB:26,PP:4,
5/18/2016,23,25,39,54,67,PB:11,PP:3,
5/14/2016,13,27,47,64,65,PB:9,PP:3,
5/11/2016,20,32,52,66,69,PB:23,PP:3,
5/7/2016,5,25,26,44,66,PB:9,PP:2,
5/4/2016,30,47,57,66,69,PB:3,PP:3,
4/30/2016,3,12,16,32,34,PB:14,PP:3,
4/27/2016,2,25,33,39,64,PB:17,PP:2,
4/23/2016,19,35,46,59,62,PB:13,PP:5,
4/20/2016,12,25,30,52,62,PB:8,PP:3,
4/16/2016,3,18,25,32,51,PB:3,PP:2,
4/13/2016,30,33,35,38,64,PB:22,PP:3,
4/9/2016,14,22,23,41,61,PB:9,PP:3,
4/6/2016,4,28,49,60,65,PB:25,PP:2,
4/2/2016,9,28,30,40,61,PB:3,PP:2,
3/30/2016,24,44,53,55,63,PB:19,PP:2,
3/26/2016,11,23,42,52,68,PB:6,PP:3,
3/23/2016,5,8,15,22,49,PB:25,PP:3,
3/19/2016,11,23,43,54,60,PB:3,PP:3,
3/16/2016,10,12,13,46,50,PB:21,PP:3,
3/12/2016,11,28,50,57,62,PB:23,PP:2,
3/9/2016,14,23,32,34,68,PB:3,PP:3,
3/5/2016,3,27,34,59,69,PB:19,PP:2,
3/2/2016,12,13,44,52,62,PB:6,PP:2,
2/27/2016,10,11,21,22,53,PB:18,PP:3,
2/24/2016,21,31,64,65,67,PB:5,PP:3,
2/20/2016,11,12,15,16,54,PB:25,PP:5,
2/17/2016,7,17,27,29,40,PB:25,PP:2,
2/13/2016,7,15,18,19,36,PB:20,PP:2,
2/10/2016,2,3,40,50,62,PB:5,PP:2,
2/6/2016,4,13,31,36,52,PB:8,PP:3,
2/3/2016,26,28,31,60,67,PB:23,PP:3,
1/30/2016,5,12,16,31,43,PB:18,PP:4,
1/27/2016,3,12,40,52,67,PB:21,PP:2,
1/23/2016,22,32,34,40,69,PB:19,PP:4,
1/20/2016,5,39,44,47,69,PB:24,PP:5,
1/16/2016,3,51,52,61,64,PB:6,PP:2,
1/13/2016,4,8,19,27,34,PB:10,PP:2,
1/9/2016,16,19,32,34,57,PB:13,PP:3,
1/6/2016,2,11,47,62,63,PB:17,PP:3,
1/2/2016,5,6,15,29,42,PB:10,PP:2,
12/30/2015,12,36,38,54,61,PB:22,PP:3,
12/26/2015,27,40,44,59,65,PB:20,PP:2,
12/23/2015,16,38,55,63,67,PB:25,PP:4,
12/19/2015,28,30,41,59,68,PB:10,PP:2,
12/16/2015,9,10,32,42,55,PB:6,PP:2,
12/12/2015,2,14,19,30,62,PB:22,PP:2,
12/9/2015,7,10,16,46,56,PB:1,PP:2,
12/5/2015,13,27,33,47,68,PB:13,PP:2,
12/2/2015,14,18,19,32,64,PB:9,PP:2,
11/28/2015,2,6,47,66,67,PB:2,PP:3,
11/25/2015,16,29,53,58,69,PB:21,PP:2,
11/21/2015,37,47,50,52,57,PB:21,PP:3,
11/18/2015,17,40,41,46,69,PB:6,PP:2,
11/14/2015,14,22,37,45,66,PB:5,PP:3,
11/11/2015,4,26,32,55,64,PB:18,PP:3,
11/7/2015,7,16,25,50,53,PB:15,PP:2,
11/4/2015,2,12,17,20,65,PB:17,PP:4,
10/31/2015,9,20,25,47,68,PB:7,PP:2,
10/28/2015,4,54,56,62,63,PB:10,PP:2,
10/24/2015,20,31,56,60,64,PB:2,PP:3,
10/21/2015,30,32,42,56,57,PB:11,PP:4,
10/17/2015,48,49,57,62,69,PB:19,PP:3,
10/14/2015,15,20,29,31,40,PB:1,PP:2,
10/10/2015,12,27,29,43,68,PB:1,PP:2,
10/7/2015,18,30,40,48,52,PB:9,PP:3,
10/3/2015,6,26,33,44,46,PB:4,PP:2,
9/30/2015,21,39,40,55,59,PB:17,PP:3,
9/26/2015,23,31,42,50,57,PB:5,PP:3,
9/23/2015,8,29,41,51,58,PB:5,PP:2,
9/19/2015,12,17,26,43,48,PB:24,PP:2,
9/16/2015,5,7,24,31,39,PB:7,PP:3,
9/12/2015,2,3,13,16,35,PB:27,PP:3,
9/9/2015,44,45,47,50,51,PB:8,PP:2,
9/5/2015,10,16,18,29,45,PB:19,PP:2,
9/2/2015,17,22,30,46,56,PB:16,PP:3,
8/29/2015,18,21,25,28,29,PB:16,PP:2,
8/26/2015,2,22,32,45,56,PB:12,PP:5,
8/22/2015,4,12,14,21,55,PB:7,PP:4,
8/19/2015,6,8,43,48,50,PB:7,PP:2,
8/15/2015,3,13,17,42,52,PB:24,PP:4,
8/12/2015,8,13,29,38,52,PB:28,PP:2,
8/8/2015,9,34,48,52,54,PB:15,PP:4,
8/5/2015,9,11,14,16,42,PB:19,PP:2,
8/1/2015,7,13,24,49,57,PB:15,PP:3,
7/29/2015,4,22,27,28,52,PB:35,PP:3,
7/25/2015,27,29,34,41,44,PB:2,PP:3,
7/22/2015,12,31,43,44,57,PB:11,PP:2,
7/18/2015,6,37,39,45,55,PB:33,PP:3,
7/15/2015,13,16,34,45,50,PB:11,PP:2,
7/11/2015,11,39,46,52,54,PB:3,PP:2,
7/8/2015,4,15,25,27,30,PB:18,PP:3,
7/4/2015,3,6,14,18,24,PB:21,PP:3,
7/1/2015,7,24,26,31,41,PB:25,PP:2,
6/27/2015,18,28,35,46,49,PB:27,PP:5,
6/24/2015,3,5,10,22,32,PB:7,PP:4,
6/20/2015,9,10,16,20,57,PB:15,PP:2,
6/17/2015,20,21,22,41,54,PB:7,PP:3,
6/13/2015,29,41,48,52,54,PB:29,PP:2,
6/10/2015,31,32,48,49,53,PB:25,PP:2,
6/6/2015,8,13,18,27,43,PB:15,PP:4,
6/3/2015,6,8,13,37,40,PB:11,PP:2,
5/30/2015,8,9,25,56,57,PB:22,PP:2,
5/27/2015,8,15,34,53,59,PB:23,PP:2,
5/23/2015,9,15,17,31,43,PB:16,PP:4,
5/20/2015,1,12,28,35,44,PB:25,PP:3,
5/16/2015,24,29,38,48,52,PB:32,PP:2,
5/13/2015,1,25,29,31,47,PB:7,PP:3,
5/9/2015,4,15,17,35,58,PB:17,PP:3,
5/6/2015,23,24,27,39,41,PB:30,PP:5,
5/2/2015,2,6,11,30,31,PB:33,PP:3,
4/29/2015,1,26,34,38,51,PB:6,PP:3,
4/25/2015,21,33,35,38,45,PB:12,PP:2,
4/22/2015,10,14,25,39,53,PB:18,PP:2,
4/18/2015,13,22,23,29,31,PB:17,PP:3,
4/15/2015,1,16,21,29,40,PB:30,PP:3,
4/11/2015,1,12,32,42,58,PB:12,PP:2,
4/8/2015,1,19,45,46,58,PB:29,PP:2,
4/4/2015,33,39,40,41,54,PB:28,PP:3,
4/1/2015,2,30,33,39,44,PB:1,PP:3,
3/28/2015,2,4,6,12,38,PB:17,PP:3,
3/25/2015,7,19,23,50,54,PB:14,PP:2,
3/21/2015,11,16,30,38,42,PB:7,PP:4,
3/18/2015,14,25,30,33,47,PB:8,PP:2,
3/14/2015,8,14,39,46,47,PB:18,PP:2,
3/11/2015,11,24,31,40,44,PB:27,PP:2,
3/7/2015,34,36,38,42,50,PB:33,PP:4,
3/4/2015,8,12,15,35,50,PB:32,PP:2,
2/28/2015,11,17,25,28,46,PB:12,PP:2,
2/25/2015,17,19,21,32,39,PB:8,PP:3,
2/21/2015,10,14,18,34,51,PB:26,PP:2,
2/18/2015,1,9,29,32,49,PB:22,PP:2,
2/14/2015,1,24,44,45,51,PB:28,PP:2,
2/11/2015,11,13,25,39,54,PB:19,PP:3,
2/7/2015,5,10,21,34,58,PB:33,PP:5,
2/4/2015,24,36,51,52,56,PB:22,PP:2,
1/31/2015,5,11,16,26,50,PB:34,PP:2,
1/28/2015,12,24,35,36,49,PB:1,PP:5,
1/24/2015,16,19,20,29,33,PB:10,PP:2,
1/21/2015,11,12,15,28,57,PB:23,PP:4,
1/17/2015,15,16,23,27,36,PB:9,PP:2,
1/14/2015,2,4,10,41,53,PB:22,PP:5,
1/10/2015,2,9,19,28,29,PB:19,PP:5,
1/7/2015,14,15,47,49,59,PB:10,PP:2,
1/3/2015,4,18,43,46,55,PB:25,PP:3,
12/31/2014,17,27,37,40,53,PB:35,PP:2,
12/27/2014,7,10,11,14,36,PB:15,PP:2,
12/24/2014,11,12,46,47,50,PB:22,PP:4,
12/20/2014,14,15,19,31,56,PB:5,PP:5,
12/17/2014,22,31,38,47,48,PB:15,PP:3,
12/13/2014,5,13,28,43,55,PB:33,PP:3,
12/10/2014,34,44,48,54,55,PB:10,PP:2,
12/6/2014,12,15,22,43,49,PB:14,PP:2,
12/3/2014,25,30,32,46,54,PB:26,PP:3,
11/29/2014,13,24,30,42,48,PB:27,PP:2,
11/26/2014,16,17,22,46,54,PB:35,PP:5,
11/22/2014,23,49,53,54,57,PB:35,PP:2,
11/19/2014,6,36,38,48,51,PB:17,PP:2,
11/15/2014,13,16,33,35,51,PB:28,PP:2,
11/12/2014,37,39,51,52,55,PB:11,PP:3,
11/8/2014,9,19,33,38,54,PB:15,PP:3,
11/5/2014,2,11,19,21,42,PB:34,PP:3,
11/1/2014,1,3,13,25,38,PB:17,PP:2,
10/29/2014,25,28,48,57,59,PB:16,PP:3,
10/25/2014,6,10,51,54,57,PB:12,PP:2,
10/22/2014,29,30,40,42,50,PB:16,PP:2,
10/18/2014,20,26,27,36,54,PB:19,PP:2,
10/15/2014,5,7,19,27,28,PB:20,PP:2,
10/11/2014,10,19,37,38,39,PB:28,PP:2,
10/8/2014,5,16,31,46,50,PB:18,PP:3,
10/4/2014,13,18,24,25,33,PB:31,PP:2,
10/1/2014,1,4,18,20,45,PB:7,PP:2,
9/27/2014,2,11,35,52,54,PB:13,PP:3,
9/24/2014,7,14,21,24,41,PB:26,PP:4,
9/20/2014,22,23,30,37,39,PB:16,PP:4,
9/17/2014,18,25,36,48,50,PB:23,PP:2,
9/13/2014,1,6,16,37,53,PB:27,PP:3,
9/10/2014,2,14,39,40,43,PB:13,PP:5,
9/6/2014,9,29,31,43,50,PB:18,PP:2,
9/3/2014,2,16,43,45,51,PB:35,PP:3,
8/30/2014,5,28,31,52,59,PB:27,PP:2,
8/27/2014,17,24,26,45,46,PB:19,PP:3,
8/23/2014,28,32,35,36,52,PB:31,PP:3,
8/20/2014,4,8,21,38,40,PB:3,PP:2,
8/16/2014,7,8,17,48,59,PB:9,PP:2,
8/13/2014,8,37,39,40,52,PB:24,PP:2,
8/9/2014,3,12,31,34,51,PB:24,PP:2,
8/6/2014,1,8,24,28,49,PB:24,PP:5,
8/2/2014,12,26,44,46,47,PB:29,PP:2,
7/30/2014,13,30,42,49,53,PB:29,PP:3,
7/26/2014,24,28,30,38,39,PB:16,PP:2,
7/23/2014,4,10,12,22,31,PB:3,PP:5,
7/19/2014,10,17,25,45,53,PB:9,PP:2,
7/16/2014,5,15,18,26,32,PB:35,PP:3,
7/12/2014,2,3,7,23,51,PB:26,PP:2,
7/9/2014,9,25,42,55,57,PB:14,PP:2,
7/5/2014,24,34,36,57,58,PB:11,PP:4,
7/2/2014,8,18,45,53,58,PB:35,PP:2,
6/28/2014,8,12,34,43,56,PB:9,PP:2,
6/25/2014,10,20,25,50,53,PB:35,PP:4,
6/21/2014,5,6,37,41,54,PB:26,PP:3,
6/18/2014,6,9,29,52,59,PB:7,PP:3,
6/14/2014,9,33,42,45,54,PB:30,PP:3,
6/11/2014,14,18,25,33,49,PB:23,PP:5,
6/7/2014,28,30,35,58,59,PB:15,PP:2,
6/4/2014,1,7,10,22,49,PB:24,PP:3,
5/31/2014,15,27,31,34,48,PB:1,PP:2,
5/28/2014,2,24,28,32,59,PB:25,PP:3,
5/24/2014,15,16,28,49,55,PB:18,PP:2,
5/21/2014,4,20,34,39,58,PB:31,PP:5,
5/17/2014,23,32,39,47,49,PB:22,PP:3,
5/14/2014,7,33,39,52,55,PB:33,PP:3,
5/10/2014,4,31,41,47,55,PB:1,PP:2,
5/7/2014,17,29,31,48,49,PB:34,PP:2,
5/3/2014,5,15,16,46,49,PB:26,PP:4,
4/30/2014,2,9,11,19,50,PB:32,PP:3,
4/26/2014,3,7,22,30,33,PB:20,PP:3,
4/23/2014,19,25,29,36,48,PB:12,PP:4,
4/19/2014,5,6,29,35,51,PB:21,PP:5,
4/16/2014,34,39,42,44,59,PB:8,PP:3,
4/12/2014,14,26,45,54,55,PB:20,PP:2,
4/9/2014,9,14,44,48,49,PB:29,PP:2,
4/5/2014,11,21,26,33,34,PB:29,PP:5,
4/2/2014,8,13,19,22,53,PB:24,PP:2,
3/29/2014,2,3,12,27,38,PB:17,PP:2,
3/26/2014,28,33,41,44,59,PB:21,PP:2,
3/22/2014,13,28,31,55,58,PB:15,PP:2,
3/19/2014,2,19,23,34,43,PB:14,PP:2,
3/15/2014,2,5,34,51,58,PB:9,PP:4,
3/12/2014,14,15,28,37,54,PB:10,PP:2,
3/8/2014,10,14,24,32,41,PB:30,PP:2,
3/5/2014,3,7,9,26,54,PB:19,PP:2,
3/1/2014,3,8,25,30,47,PB:13,PP:4,
2/26/2014,11,12,17,38,42,PB:2,PP:2,
2/22/2014,2,3,13,14,54,PB:4,PP:5,
2/19/2014,1,17,35,49,54,PB:34,PP:3,
2/15/2014,2,9,14,21,23,PB:3,PP:3,
2/12/2014,36,44,49,52,57,PB:1,PP:2,
2/8/2014,24,25,34,37,54,PB:29,PP:2,
2/5/2014,8,17,32,57,59,PB:24,PP:3,
2/1/2014,5,12,15,27,38,PB:7,PP:2,
1/29/2014,11,23,28,32,47,PB:20,PP:2,
1/25/2014,8,12,18,55,57,PB:2,PP:2,
1/22/2014,1,2,7,9,55,PB:29,PP:3,
1/18/2014,13,14,19,31,38,PB:25,,
1/15/2014,7,8,9,24,29,PB:25,,
1/11/2014,10,15,33,48,54,PB:34,,
1/8/2014,10,28,39,47,58,PB:22,,
1/4/2014,19,20,37,41,58,PB:14,,
1/1/2014,15,24,40,48,52,PB:23,,
12/28/2013,8,35,44,51,56,PB:18,,
12/25/2013,23,28,38,39,56,PB:32,,
12/21/2013,25,36,40,45,51,PB:8,,
12/18/2013,7,24,37,39,40,PB:1,,
12/14/2013,14,25,32,33,41,PB:34,,
12/11/2013,1,10,13,18,19,PB:27,,
12/7/2013,13,20,32,45,48,PB:17,,
12/4/2013,6,9,11,31,44,PB:25,,
11/30/2013,5,26,44,45,57,PB:29,,
11/27/2013,18,25,50,55,57,PB:17,,
11/23/2013,5,12,43,52,55,PB:10,,
11/20/2013,4,18,23,32,45,PB:7,,
11/16/2013,10,29,37,44,59,PB:10,,
11/13/2013,5,31,50,55,56,PB:9,,
11/9/2013,3,9,37,49,56,PB:32,,
11/6/2013,1,5,10,15,49,PB:22,,
11/2/2013,13,23,24,27,40,PB:17,,
10/30/2013,2,36,40,49,54,PB:10,,
10/26/2013,4,6,34,49,56,PB:29,,
10/23/2013,3,23,31,34,47,PB:13,,
10/19/2013,9,33,54,56,57,PB:5,,
10/16/2013,3,26,28,34,42,PB:28,,
10/12/2013,8,10,26,57,58,PB:4,,
10/9/2013,3,9,19,33,38,PB:18,,
10/5/2013,11,12,17,39,40,PB:5,,
10/2/2013,4,6,25,42,51,PB:17,,
9/28/2013,14,47,52,53,54,PB:5,,
9/25/2013,2,7,17,49,53,PB:23,,
9/21/2013,12,17,45,54,58,PB:13,,
9/18/2013,7,10,22,32,35,PB:19,,
9/14/2013,1,17,25,37,44,PB:20,,
9/11/2013,11,19,33,42,52,PB:33,,
9/7/2013,2,19,22,26,45,PB:24,,
9/4/2013,2,9,26,45,47,PB:11,,
8/31/2013,2,7,25,40,56,PB:20,,
8/28/2013,6,7,9,19,32,PB:13,,
8/24/2013,12,17,25,45,59,PB:19,,
8/21/2013,30,40,42,46,48,PB:23,,
8/17/2013,18,21,46,54,56,PB:23,,
8/14/2013,4,11,17,43,51,PB:20,,
8/10/2013,4,12,14,37,58,PB:13,,
8/7/2013,5,25,30,58,59,PB:32,,
8/3/2013,21,24,36,42,45,PB:15,,
7/31/2013,8,24,39,49,59,PB:5,,
7/27/2013,9,23,40,53,58,PB:6,,
7/24/2013,9,29,40,44,54,PB:7,,
7/20/2013,14,25,27,38,58,PB:6,,
7/17/2013,1,22,34,38,42,PB:17,,
7/13/2013,2,8,22,35,37,PB:6,,
7/10/2013,30,31,45,55,59,PB:27,,
7/6/2013,2,13,35,36,52,PB:11,,
7/3/2013,3,6,29,40,51,PB:4,,
6/29/2013,8,28,30,53,56,PB:16,,
6/26/2013,1,18,33,39,46,PB:33,,
6/22/2013,13,19,23,33,57,PB:28,,
6/19/2013,7,46,47,52,57,PB:17,,
6/15/2013,28,36,40,48,55,PB:1,,
6/12/2013,16,22,23,42,55,PB:32,,
6/8/2013,2,11,22,26,32,PB:19,,
6/5/2013,4,26,33,36,55,PB:32,,
6/1/2013,22,28,33,53,59,PB:14,,
5/29/2013,9,14,17,49,57,PB:2,,
5/25/2013,2,6,19,21,27,PB:25,,
5/22/2013,9,31,35,41,57,PB:26,,
5/18/2013,10,13,14,22,52,PB:11,,
5/15/2013,2,11,26,34,41,PB:32,,
5/11/2013,6,13,19,23,43,PB:16,,
5/8/2013,21,22,26,30,57,PB:27,,
5/4/2013,7,12,26,36,40,PB:17,,
5/1/2013,22,26,31,54,55,PB:18,,
4/27/2013,3,23,48,54,55,PB:5,,
4/24/2013,9,19,31,56,59,PB:2,,
4/20/2013,6,8,30,39,48,PB:20,,
4/17/2013,13,18,36,48,58,PB:28,,
4/13/2013,10,12,31,56,57,PB:33,,
4/10/2013,1,36,40,52,53,PB:20,,
4/6/2013,4,7,8,29,39,PB:24,,
4/3/2013,1,6,8,12,35,PB:3,,
3/30/2013,11,23,26,46,55,PB:27,,
3/27/2013,7,37,43,48,52,PB:16,,
3/23/2013,17,29,31,52,53,PB:31,,
3/20/2013,13,14,17,43,54,PB:15,,
3/16/2013,3,7,21,44,53,PB:16,,
3/13/2013,5,9,28,32,38,PB:29,,
3/9/2013,10,37,40,46,52,PB:12,,
3/6/2013,6,10,23,41,45,PB:1,,
3/2/2013,3,8,13,41,56,PB:16,,
2/27/2013,3,14,20,34,48,PB:21,,
2/23/2013,2,5,31,39,41,PB:29,,
2/20/2013,3,17,19,25,32,PB:17,,
2/16/2013,15,16,46,50,58,PB:29,,
2/13/2013,12,23,25,27,43,PB:29,,
2/9/2013,5,6,16,36,58,PB:3,,
2/6/2013,5,27,36,38,41,PB:12,,
2/2/2013,11,16,33,40,41,PB:34,,
1/30/2013,14,16,32,47,52,PB:16,,
1/26/2013,3,22,26,41,49,PB:18,,
1/23/2013,11,12,24,43,45,PB:9,,
1/19/2013,8,28,29,34,38,PB:35,,
1/16/2013,9,21,28,32,51,PB:35,,
1/12/2013,10,14,21,23,47,PB:7,,
1/9/2013,11,13,20,27,59,PB:26,,
1/5/2013,26,30,49,51,54,PB:25,,
1/2/2013,18,20,28,35,53,PB:20,,
12/29/2012,36,46,50,52,55,PB:14,,
12/26/2012,11,13,23,43,54,PB:4,,
12/22/2012,1,18,35,39,44,PB:11,,
12/19/2012,5,8,20,23,30,PB:3,,
12/15/2012,15,23,40,44,55,PB:14,,
12/12/2012,8,10,25,36,44,PB:28,,
12/8/2012,7,23,26,40,53,PB:21,,
12/5/2012,13,17,19,27,38,PB:12,,
12/1/2012,3,10,19,36,46,PB:3,,
11/28/2012,5,16,22,23,29,PB:6,,
11/24/2012,22,32,37,44,50,PB:34,,
11/21/2012,8,18,24,30,39,PB:26,,
11/17/2012,3,15,27,58,59,PB:20,,
11/14/2012,8,10,30,44,58,PB:13,,
11/10/2012,32,42,50,54,55,PB:32,,
11/7/2012,32,34,45,52,58,PB:20,,
11/3/2012,4,7,9,30,54,PB:25,,
10/31/2012,1,27,31,45,48,PB:5,,
10/27/2012,22,32,34,36,56,PB:33,,
10/24/2012,3,18,21,23,50,PB:4,,
10/20/2012,4,21,28,31,44,PB:10,,
10/17/2012,1,7,10,23,42,PB:35,,
10/13/2012,2,5,25,26,49,PB:18,,
10/10/2012,18,26,29,35,43,PB:28,,
10/6/2012,15,26,34,36,59,PB:35,,
10/3/2012,17,23,36,55,59,PB:10,,
9/29/2012,14,18,28,29,57,PB:8,,
9/26/2012,13,26,39,41,42,PB:10,,
9/22/2012,2,16,18,40,42,PB:33,,
9/19/2012,1,5,8,39,50,PB:23,,
9/15/2012,3,20,26,43,48,PB:1,,
9/12/2012,24,33,36,48,56,PB:6,,
9/8/2012,6,20,34,44,48,PB:29,,
9/5/2012,4,19,26,42,51,PB:29,,
9/1/2012,8,11,21,44,49,PB:22,,
8/29/2012,25,28,49,54,56,PB:28,,
8/25/2012,1,6,7,20,49,PB:23,,
8/22/2012,22,29,31,47,55,PB:19,,
8/18/2012,14,26,41,55,59,PB:1,,
8/15/2012,6,27,46,51,56,PB:21,,
8/11/2012,4,13,39,46,51,PB:1,,
8/8/2012,3,7,11,15,28,PB:12,,
8/4/2012,19,30,48,53,55,PB:18,,
8/1/2012,3,16,48,56,58,PB:4,,
7/28/2012,5,6,13,36,50,PB:13,,
7/25/2012,3,14,35,38,46,PB:16,,
7/21/2012,9,31,38,54,56,PB:20,,
7/18/2012,2,5,20,23,57,PB:3,,
7/14/2012,4,16,32,37,46,PB:13,,
7/11/2012,5,22,36,49,55,PB:23,,
7/7/2012,3,5,29,39,59,PB:29,,
7/4/2012,14,19,35,39,56,PB:33,,
6/30/2012,7,15,20,41,44,PB:22,,
6/27/2012,6,34,40,46,58,PB:6,,
6/23/2012,1,3,41,44,53,PB:30,,
6/20/2012,11,17,29,56,57,PB:14,,
6/16/2012,8,14,15,16,27,PB:26,,
6/13/2012,7,10,14,33,57,PB:18,,
6/9/2012,18,22,45,56,57,PB:27,,
6/6/2012,19,30,33,48,59,PB:27,,
6/2/2012,9,10,17,29,45,PB:33,,
5/30/2012,9,10,24,52,56,PB:14,,
5/26/2012,13,14,41,49,59,PB:14,,
5/23/2012,4,7,26,53,59,PB:32,,
5/19/2012,8,13,35,46,51,PB:30,,
5/16/2012,3,7,21,28,43,PB:2,,
5/12/2012,10,24,35,53,58,PB:22,,
5/9/2012,1,7,11,55,56,PB:1,,
5/5/2012,9,12,20,44,59,PB:23,,
5/2/2012,7,8,33,38,50,PB:29,,
4/28/2012,31,39,40,57,58,PB:33,,
4/25/2012,4,25,29,34,43,PB:29,,
4/21/2012,6,8,20,42,51,PB:16,,
4/18/2012,20,22,39,46,49,PB:29,,
4/14/2012,14,15,16,19,24,PB:2,,
4/11/2012,16,23,42,44,47,PB:2,,
4/7/2012,5,13,17,20,30,PB:18,,
4/4/2012,1,24,33,45,49,PB:6,,
3/31/2012,5,14,36,54,58,PB:27,,
3/28/2012,11,16,29,50,58,PB:33,,
3/24/2012,1,15,35,37,47,PB:8,,
3/21/2012,32,43,53,55,56,PB:6,,
3/17/2012,11,14,49,55,58,PB:30,,
3/14/2012,1,8,41,46,59,PB:24,,
3/10/2012,5,14,17,20,41,PB:5,,
3/7/2012,12,35,45,46,47,PB:12,,
3/3/2012,29,30,45,47,49,PB:35,,
2/29/2012,1,4,11,23,26,PB:14,,
2/25/2012,6,11,42,53,54,PB:7,,
2/22/2012,7,16,17,39,51,PB:32,,
2/18/2012,23,28,50,56,59,PB:5,,
2/15/2012,11,12,32,52,56,PB:11,,
2/11/2012,1,10,37,52,57,PB:11,,
2/8/2012,17,28,38,39,51,PB:33,,
2/4/2012,15,23,43,45,56,PB:7,,
2/1/2012,8,13,17,34,59,PB:35,,
1/28/2012,5,33,41,54,59,PB:13,,
1/25/2012,4,19,28,29,47,PB:5,,
1/21/2012,12,24,43,44,45,PB:7,,
1/18/2012,6,29,34,44,50,PB:28,,
1/14/2012,10,30,36,38,41,PB:1,PP:5,
1/11/2012,5,19,29,45,47,PB:25,PP:2,
1/7/2012,3,21,24,38,39,PB:24,PP:5,
1/4/2012,21,35,46,47,50,PB:2,PP:4,
12/31/2011,5,23,25,28,40,PB:34,PP:4,
12/28/2011,16,21,27,41,45,PB:14,PP:2,
12/24/2011,14,16,30,51,52,PB:19,PP:2,
12/21/2011,10,13,15,31,54,PB:18,PP:5,
12/17/2011,13,28,49,51,59,PB:33,PP:4,
12/14/2011,2,24,46,52,56,PB:19,PP:5,
12/10/2011,4,19,33,41,59,PB:9,PP:5,
12/7/2011,3,14,20,39,40,PB:37,PP:2,
12/3/2011,5,18,33,43,45,PB:8,PP:3,
11/30/2011,2,6,34,35,47,PB:22,PP:2,
11/26/2011,20,37,39,45,55,PB:28,PP:2,
11/23/2011,4,30,35,57,59,PB:25,PP:2,
11/19/2011,9,16,17,28,30,PB:11,PP:3,
11/16/2011,13,22,25,39,51,PB:28,PP:2,
11/12/2011,4,35,36,51,56,PB:8,PP:5,
11/9/2011,5,35,57,58,59,PB:12,PP:3,
11/5/2011,2,33,39,40,43,PB:26,PP:3,
11/2/2011,12,14,34,39,46,PB:36,PP:4,
10/29/2011,11,16,40,51,56,PB:38,PP:5,
10/26/2011,1,18,21,39,55,PB:6,PP:3,
10/22/2011,3,8,23,30,58,PB:13,PP:4,
10/19/2011,16,26,35,52,58,PB:2,PP:5,
10/15/2011,5,10,24,38,43,PB:1,PP:4,
10/12/2011,10,12,23,43,47,PB:18,PP:3,
10/8/2011,3,27,35,37,45,PB:31,PP:5,
10/5/2011,7,20,43,46,54,PB:17,PP:4,
10/1/2011,1,12,23,27,43,PB:31,PP:3,
9/28/2011,30,41,50,51,53,PB:8,PP:2,
9/24/2011,3,4,12,27,44,PB:26,PP:5,
9/21/2011,12,47,48,52,55,PB:13,PP:4,
9/17/2011,6,20,22,32,43,PB:11,PP:2,
9/14/2011,16,41,42,50,59,PB:5,PP:3,
9/10/2011,4,19,22,32,53,PB:24,PP:4,
9/7/2011,3,5,18,27,54,PB:13,PP:4,
9/3/2011,15,25,52,53,54,PB:2,PP:5,
8/31/2011,13,19,35,47,57,PB:29,PP:5,
8/27/2011,2,12,25,54,58,PB:14,PP:3,
8/24/2011,9,13,47,49,53,PB:39,PP:5,
8/20/2011,2,17,23,28,47,PB:36,PP:2,
8/17/2011,18,28,31,48,52,PB:37,PP:4,
8/13/2011,9,12,35,50,58,PB:4,PP:2,
8/10/2011,11,18,36,41,46,PB:38,PP:4,
8/6/2011,25,30,54,57,59,PB:6,PP:3,
8/3/2011,13,19,21,28,49,PB:11,PP:2,
7/30/2011,20,40,41,47,55,PB:19,PP:2,
7/27/2011,38,40,41,51,59,PB:33,PP:2,
7/23/2011,1,7,27,38,48,PB:30,PP:3,
7/20/2011,1,4,38,40,42,PB:17,PP:4,
7/16/2011,24,28,48,50,54,PB:25,PP:3,
7/13/2011,8,18,19,32,54,PB:8,PP:4,
7/9/2011,1,9,11,23,31,PB:6,PP:3,
7/6/2011,11,15,24,50,55,PB:8,PP:2,
7/2/2011,1,11,18,29,51,PB:32,PP:3,
6/29/2011,24,30,45,57,59,PB:26,PP:3,
6/25/2011,18,36,39,41,57,PB:12,PP:4,
6/22/2011,12,15,19,46,59,PB:12,PP:4,
6/18/2011,12,21,22,38,41,PB:18,PP:2,
6/15/2011,19,20,38,41,43,PB:29,PP:4,
6/11/2011,16,18,27,36,50,PB:8,PP:3,
6/8/2011,14,37,44,45,53,PB:29,PP:5,
6/4/2011,17,19,39,41,58,PB:21,PP:5,
6/1/2011,8,18,38,46,56,PB:31,PP:4,
5/28/2011,12,20,43,51,55,PB:11,PP:4,
5/25/2011,4,23,31,42,50,PB:23,PP:2,
5/21/2011,2,8,40,49,50,PB:36,PP:3,
5/18/2011,7,12,13,42,49,PB:16,PP:4,
5/14/2011,8,17,18,40,44,PB:16,PP:2,
5/11/2011,9,17,32,43,45,PB:31,PP:3,
5/7/2011,2,11,27,47,55,PB:15,PP:4,
5/4/2011,3,15,27,29,41,PB:24,PP:4,
4/30/2011,6,13,15,32,41,PB:3,PP:2,
4/27/2011,4,24,40,44,55,PB:5,PP:2,
4/23/2011,3,11,47,48,58,PB:19,PP:3,
4/20/2011,9,24,34,36,43,PB:27,PP:3,
4/16/2011,21,33,44,45,55,PB:7,PP:5,
4/13/2011,4,23,39,49,50,PB:39,PP:3,
4/9/2011,5,14,32,53,56,PB:11,PP:4,
4/6/2011,10,18,41,55,56,PB:15,PP:2,
4/2/2011,6,22,34,43,45,PB:23,PP:2,
3/30/2011,19,20,42,56,58,PB:37,PP:4,
3/26/2011,4,10,11,19,33,PB:27,PP:4,
3/23/2011,5,15,26,28,32,PB:9,PP:2,
3/19/2011,3,11,20,27,46,PB:8,PP:2,
3/16/2011,28,39,40,48,53,PB:9,PP:3,
3/12/2011,1,4,12,41,47,PB:3,PP:4,
3/9/2011,12,20,28,40,48,PB:8,PP:2,
3/5/2011,2,23,31,42,48,PB:21,PP:2,
3/2/2011,7,31,50,51,58,PB:6,PP:2,
2/26/2011,4,13,17,21,45,PB:10,PP:5,
2/23/2011,29,32,36,39,49,PB:29,PP:3,
2/19/2011,3,12,34,37,42,PB:36,PP:5,
2/16/2011,9,13,21,23,48,PB:24,PP:2,
2/12/2011,11,32,36,48,52,PB:19,PP:4,
2/9/2011,7,11,39,42,51,PB:30,PP:4,
2/5/2011,15,37,41,56,59,PB:5,PP:5,
2/2/2011,3,14,33,53,57,PB:36,PP:4,
1/29/2011,24,28,45,49,52,PB:2,PP:4,
1/26/2011,4,5,36,47,58,PB:6,PP:3,
1/22/2011,30,31,34,45,51,PB:23,PP:2,
1/19/2011,22,36,51,56,59,PB:32,PP:3,
1/15/2011,9,13,22,23,37,PB:31,PP:3,
1/12/2011,19,21,23,40,48,PB:27,PP:4,
1/8/2011,6,7,26,33,52,PB:24,PP:2,
1/5/2011,22,26,32,38,40,PB:7,PP:5,
1/1/2011,18,22,37,47,54,PB:36,PP:2,
12/29/2010,3,16,18,20,37,PB:30,PP:2,
12/25/2010,1,17,38,50,52,PB:24,PP:2,
12/22/2010,11,33,44,46,47,PB:12,PP:2,
12/18/2010,4,11,19,33,43,PB:14,PP:4,
12/15/2010,10,11,18,32,45,PB:18,PP:5,
12/11/2010,1,8,10,19,20,PB:23,PP:2,
12/8/2010,8,11,25,41,58,PB:16,PP:4,
12/4/2010,13,24,27,31,42,PB:22,PP:5,
12/1/2010,5,10,11,12,20,PB:2,PP:3,
11/27/2010,10,30,37,47,54,PB:39,PP:5,
11/24/2010,8,20,21,32,37,PB:4,PP:3,
11/20/2010,10,12,38,53,57,PB:1,PP:5,
11/17/2010,14,16,53,54,59,PB:5,PP:3,
11/13/2010,17,30,48,51,54,PB:29,PP:5,
11/10/2010,5,8,11,40,44,PB:10,PP:4,
11/6/2010,7,12,23,34,38,PB:33,PP:4,
11/3/2010,34,38,39,45,50,PB:33,PP:2,
10/30/2010,1,7,27,36,49,PB:39,PP:5,
10/27/2010,20,24,25,53,59,PB:15,PP:5,
10/23/2010,2,7,16,20,46,PB:34,PP:4,
10/20/2010,7,17,20,39,59,PB:17,PP:3,
10/16/2010,11,12,15,16,28,PB:11,PP:2,
10/13/2010,12,22,32,34,46,PB:2,PP:4,
10/9/2010,2,6,32,42,49,PB:35,PP:3,
10/6/2010,14,26,37,41,46,PB:24,PP:5,
10/2/2010,12,20,30,36,47,PB:25,PP:4,
9/29/2010,13,44,51,52,55,PB:30,PP:4,
9/25/2010,8,16,27,35,42,PB:30,PP:2,
9/22/2010,10,24,36,52,55,PB:15,PP:5,
9/18/2010,1,18,37,39,44,PB:13,PP:4,
9/15/2010,7,20,21,34,43,PB:34,PP:5,
9/11/2010,7,17,20,36,59,PB:33,PP:4,
9/8/2010,10,35,39,51,57,PB:20,PP:5,
9/4/2010,11,14,22,33,42,PB:38,PP:2,
9/1/2010,17,20,21,40,51,PB:19,PP:3,
8/28/2010,4,22,27,32,56,PB:13,PP:4,
8/25/2010,16,17,29,31,36,PB:23,PP:3,
8/21/2010,7,10,12,22,27,PB:26,PP:2,
8/18/2010,4,32,33,47,55,PB:39,PP:3,
8/14/2010,9,33,36,50,58,PB:31,PP:2,
8/11/2010,7,10,22,23,52,PB:29,PP:2,
8/7/2010,4,22,26,31,52,PB:30,PP:5,
8/4/2010,19,28,30,37,53,PB:36,PP:4,
7/31/2010,1,16,17,41,57,PB:15,PP:3,
7/28/2010,1,11,20,25,27,PB:2,PP:5,
7/24/2010,20,30,38,46,59,PB:27,PP:2,
7/21/2010,16,22,30,51,58,PB:25,PP:3,
7/17/2010,22,27,35,37,45,PB:3,PP:4,
7/14/2010,20,21,23,38,42,PB:6,PP:3,
7/10/2010,20,21,27,28,56,PB:4,PP:4,
7/7/2010,10,41,44,48,56,PB:4,PP:2,
7/3/2010,3,10,14,52,53,PB:3,PP:3,
6/30/2010,6,38,43,47,48,PB:27,PP:5,
6/26/2010,13,30,32,38,57,PB:25,PP:4,
6/23/2010,11,30,45,47,48,PB:10,PP:3,
6/19/2010,9,30,31,50,54,PB:39,PP:3,
6/16/2010,8,11,18,29,36,PB:6,PP:5,
6/12/2010,9,12,13,35,38,PB:30,PP:10,
6/9/2010,14,22,27,32,49,PB:5,PP:4,
6/5/2010,18,34,40,48,59,PB:25,PP:4,
6/2/2010,4,9,14,39,43,PB:38,PP:4,
5/29/2010,1,3,24,28,41,PB:10,PP:4,
5/26/2010,1,6,10,13,20,PB:32,PP:4,
5/22/2010,19,20,40,47,57,PB:29,PP:2,
5/19/2010,2,7,29,55,58,PB:27,PP:3,
5/15/2010,15,21,23,28,36,PB:20,PP:2,
5/12/2010,37,51,52,53,58,PB:38,PP:2,
5/8/2010,5,22,34,41,57,PB:31,PP:5,
5/5/2010,13,34,40,47,57,PB:11,PP:4,
5/1/2010,16,23,25,49,58,PB:20,PP:4,
4/28/2010,12,22,25,28,44,PB:24,PP:4,
4/24/2010,1,12,53,56,57,PB:5,PP:2,
4/21/2010,11,34,41,49,55,PB:20,PP:2,
4/17/2010,5,21,22,41,49,PB:15,PP:5,
4/14/2010,6,14,32,38,52,PB:20,PP:3,
4/10/2010,21,22,49,52,58,PB:34,PP:2,
4/7/2010,4,36,40,44,52,PB:33,PP:2,
4/3/2010,10,15,31,52,59,PB:4,PP:4,
3/31/2010,5,13,17,45,54,PB:12,PP:5,
3/27/2010,7,21,32,44,52,PB:10,PP:4,
3/24/2010,14,20,24,39,49,PB:7,PP:3,
3/20/2010,9,36,39,44,45,PB:9,PP:2,
3/17/2010,24,26,45,48,55,PB:8,PP:2,
3/13/2010,6,16,20,31,36,PB:8,PP:5,
3/10/2010,17,21,37,41,50,PB:1,PP:2,
3/6/2010,10,29,33,41,59,PB:15,PP:2,
3/3/2010,7,9,14,45,49,PB:23,PP:4,
2/27/2010,18,47,51,53,58,PB:30,PP:2,
2/24/2010,4,17,35,50,57,PB:12,PP:2,
2/20/2010,13,27,37,41,54,PB:32,PP:2,
2/17/2010,7,8,19,26,36,PB:15,PP:3,
2/13/2010,10,14,30,40,51,PB:1,PP:4,
2/10/2010,5,8,29,37,38,PB:34,PP:5,
2/6/2010,14,22,52,54,59,PB:4,PP:3,
2/3/2010,17,22,36,37,52,PB:24,PP:2,
1/30/2010,6,26,35,47,48,PB:21,PP:3,
1/27/2010,6,15,20,26,31,PB:9,PP:5,
1/23/2010,15,16,20,42,53,PB:17,PP:2,
1/20/2010,15,32,43,44,46,PB:19,PP:4,
1/16/2010,7,8,23,41,55,PB:23,PP:5,
1/13/2010,8,11,15,32,50,PB:27,PP:3,
1/9/2010,20,41,44,50,54,PB:22,PP:2,
1/6/2010,20,27,29,56,58,PB:31,PP:2,
1/2/2010,3,7,23,27,42,PB:37,PP:3,
12/30/2009,5,14,38,39,52,PB:6,PP:3,
12/26/2009,32,36,37,41,53,PB:30,PP:3,
12/23/2009,8,32,49,51,52,PB:23,PP:4,
12/19/2009,17,24,39,41,47,PB:21,PP:3,
12/16/2009,13,23,25,35,43,PB:15,PP:5,
12/12/2009,12,13,14,35,41,PB:29,PP:2,
12/9/2009,1,5,12,13,58,PB:21,PP:5,
12/5/2009,27,39,41,44,58,PB:17,PP:3,
12/2/2009,14,34,37,46,55,PB:37,PP:4,
11/28/2009,26,27,28,46,50,PB:21,PP:3,
11/25/2009,4,13,18,49,59,PB:5,PP:2,
11/21/2009,7,26,36,49,58,PB:4,PP:5,
11/18/2009,32,42,50,58,59,PB:31,PP:4,
11/14/2009,19,30,32,48,57,PB:14,PP:5,
11/11/2009,8,12,14,22,29,PB:22,PP:2,
11/7/2009,7,32,37,46,50,PB:26,PP:5,
11/4/2009,10,11,14,45,51,PB:17,PP:3,
10/31/2009,2,19,26,41,54,PB:23,PP:5,
10/28/2009,3,11,26,46,51,PB:23,PP:5,
10/24/2009,14,22,38,49,59,PB:16,PP:2,
10/21/2009,6,16,34,45,51,PB:4,PP:2,
10/17/2009,5,16,25,30,49,PB:39,PP:5,
10/14/2009,5,15,25,30,40,PB:6,PP:2,
10/10/2009,13,32,45,49,50,PB:30,PP:3,
10/7/2009,2,20,21,38,50,PB:22,PP:3,
10/3/2009,12,24,48,50,57,PB:22,PP:3,
9/30/2009,41,42,52,54,57,PB:30,PP:3,
9/26/2009,18,20,34,36,39,PB:19,PP:3,
9/23/2009,7,8,20,25,29,PB:11,PP:5,
9/19/2009,5,24,25,30,49,PB:23,PP:3,
9/16/2009,17,37,40,51,56,PB:25,PP:2,
9/12/2009,13,28,38,41,56,PB:25,PP:2,
9/9/2009,4,16,18,51,53,PB:23,PP:4,
9/5/2009,9,16,27,35,57,PB:29,PP:3,
9/2/2009,18,23,36,47,59,PB:36,PP:4,
8/29/2009,1,20,37,52,53,PB:33,PP:3,
8/26/2009,1,21,23,30,43,PB:11,PP:3,
8/22/2009,3,6,20,32,51,PB:23,PP:5,
8/19/2009,14,24,31,43,51,PB:27,PP:5,
8/15/2009,14,15,26,32,36,PB:12,PP:5,
8/12/2009,10,25,32,34,47,PB:5,PP:3,
8/8/2009,4,33,37,45,50,PB:11,PP:4,
8/5/2009,25,34,41,46,49,PB:29,PP:3,
8/1/2009,5,37,39,46,53,PB:8,PP:4,
7/29/2009,2,5,38,43,59,PB:8,PP:2,
7/25/2009,5,17,33,46,52,PB:9,PP:5,
7/22/2009,4,6,16,22,32,PB:11,PP:2,
7/18/2009,4,21,26,28,47,PB:37,PP:4,
7/15/2009,26,50,51,52,57,PB:37,PP:5,
7/11/2009,1,4,20,39,42,PB:2,PP:5,
7/8/2009,19,42,50,53,56,PB:39,PP:2,
7/4/2009,4,9,22,41,44,PB:14,PP:3,
7/1/2009,9,32,38,52,53,PB:15,PP:2,
6/27/2009,18,22,26,39,48,PB:17,PP:4,
6/24/2009,16,18,24,51,53,PB:16,PP:5,
6/20/2009,3,11,18,22,28,PB:33,PP:2,
6/17/2009,5,9,37,42,53,PB:27,PP:5,
6/13/2009,13,16,20,35,41,PB:6,PP:4,
6/10/2009,15,26,27,42,58,PB:37,PP:2,
6/6/2009,10,18,23,30,45,PB:2,PP:3,
6/3/2009,16,20,22,32,37,PB:9,PP:2,
5/30/2009,1,23,42,51,59,PB:20,PP:5,
5/27/2009,5,6,12,16,21,PB:7,PP:3,
5/23/2009,19,23,34,52,57,PB:21,PP:5,
5/20/2009,23,30,31,35,42,PB:6,PP:2,
5/16/2009,6,7,31,40,56,PB:38,PP:2,
5/13/2009,19,30,32,37,40,PB:37,PP:3,
5/9/2009,4,15,32,49,58,PB:21,PP:3,
5/6/2009,7,8,12,22,31,PB:18,PP:5,
5/2/2009,3,20,38,42,45,PB:27,PP:3,
4/29/2009,6,19,36,50,59,PB:13,PP:5,
4/25/2009,8,26,30,42,52,PB:15,PP:5,
4/22/2009,15,22,30,37,48,PB:12,PP:2,
4/18/2009,7,15,28,43,44,PB:20,PP:3,
4/15/2009,16,22,26,27,59,PB:5,PP:2,
4/11/2009,7,28,35,46,49,PB:20,PP:4,
4/8/2009,1,6,48,52,56,PB:9,PP:5,
4/4/2009,14,21,50,57,58,PB:7,PP:3,
4/1/2009,2,9,33,41,54,PB:14,PP:3,
3/28/2009,2,3,16,41,48,PB:19,PP:3,
3/25/2009,10,20,23,47,54,PB:26,PP:2,
3/21/2009,19,23,27,49,52,PB:21,PP:4,
3/18/2009,16,26,29,41,45,PB:1,PP:2,
3/14/2009,7,30,33,44,51,PB:10,PP:2,
3/11/2009,3,7,13,34,47,PB:30,PP:5,
3/7/2009,21,27,28,56,59,PB:21,PP:2,
3/4/2009,1,6,44,49,55,PB:36,PP:2,
2/28/2009,3,16,20,42,58,PB:7,PP:5,
2/25/2009,17,32,42,49,56,PB:11,PP:4,
2/21/2009,13,31,41,45,46,PB:21,PP:4,
2/18/2009,2,15,39,44,56,PB:15,PP:3,
2/14/2009,2,8,9,33,45,PB:5,PP:5,
2/11/2009,5,10,22,45,49,PB:37,PP:2,
2/7/2009,5,18,20,28,53,PB:27,PP:2,
2/4/2009,7,24,30,32,44,PB:18,PP:4,
1/31/2009,1,14,26,33,41,PB:37,PP:4,
1/28/2009,5,10,18,23,32,PB:4,PP:4,
1/24/2009,6,20,25,37,42,PB:25,PP:2,
1/21/2009,20,26,38,46,54,PB:23,PP:4,
1/17/2009,2,5,9,23,59,PB:26,PP:2,
1/14/2009,8,25,34,39,46,PB:34,PP:5,
1/10/2009,8,10,18,43,56,PB:9,PP:3,
1/7/2009,23,31,33,38,52,PB:24,PP:5,
1/3/2009,17,22,24,38,55,PB:24,PP:3,
12/31/2008,7,8,11,17,53,PB:36,PP:5,
12/27/2008,12,15,26,31,43,PB:10,PP:5,
12/24/2008,2,17,22,32,41,PB:8,PP:5,
12/20/2008,3,14,19,32,54,PB:24,PP:5,
12/17/2008,7,11,18,24,30,PB:26,PP:4,
12/13/2008,14,26,28,31,40,PB:13,PP:2,
12/10/2008,6,15,24,37,41,PB:37,PP:4,
12/6/2008,9,35,39,43,53,PB:10,PP:5,
12/3/2008,16,17,21,25,55,PB:3,PP:5,
11/29/2008,5,33,36,39,55,PB:21,PP:4,
11/26/2008,11,26,31,34,52,PB:14,PP:2,
11/22/2008,17,19,26,32,45,PB:14,PP:4,
11/19/2008,8,13,38,39,45,PB:31,PP:4,
11/15/2008,3,7,8,12,44,PB:37,PP:2,
11/12/2008,1,18,25,29,45,PB:2,PP:2,
11/8/2008,2,4,21,36,40,PB:41,PP:2,
11/5/2008,4,8,18,33,36,PB:32,PP:2,
11/1/2008,4,6,26,40,41,PB:15,PP:4,
10/29/2008,20,30,37,50,52,PB:33,PP:2,
10/25/2008,1,3,14,38,48,PB:2,PP:2,
10/22/2008,10,17,33,51,52,PB:5,PP:3,
10/18/2008,10,14,32,40,49,PB:15,PP:4,
10/15/2008,3,13,32,38,48,PB:13,PP:4,
10/11/2008,3,7,17,39,47,PB:9,PP:4,
10/8/2008,2,12,17,48,54,PB:2,PP:4,
10/4/2008,1,4,26,32,39,PB:18,PP:5,
10/1/2008,8,9,39,43,55,PB:26,PP:2,
9/27/2008,13,24,29,40,52,PB:29,PP:4,
9/24/2008,5,13,21,32,36,PB:33,PP:5,
9/20/2008,6,28,30,40,47,PB:24,PP:5,
9/17/2008,12,23,26,32,44,PB:20,PP:3,
9/13/2008,7,17,29,43,51,PB:38,PP:2,
9/10/2008,14,15,28,37,53,PB:18,PP:2,
9/6/2008,17,25,26,49,54,PB:11,PP:4,
9/3/2008,38,40,46,49,50,PB:34,PP:2,
8/30/2008,2,14,15,32,47,PB:36,PP:3,
8/27/2008,13,31,36,48,49,PB:11,PP:2,
8/23/2008,18,24,33,47,48,PB:23,PP:3,
8/20/2008,15,16,24,35,47,PB:26,PP:2,
8/16/2008,5,34,40,43,52,PB:20,PP:5,
8/13/2008,5,10,19,23,31,PB:26,PP:4,
8/9/2008,32,40,43,49,53,PB:21,PP:5,
8/6/2008,5,24,36,37,51,PB:19,PP:4,
8/2/2008,2,5,28,33,54,PB:30,PP:5,
7/30/2008,3,25,45,51,55,PB:13,PP:3,
7/26/2008,12,13,21,51,55,PB:18,PP:4,
7/23/2008,11,14,35,41,52,PB:2,PP:4,
7/19/2008,6,28,46,53,55,PB:2,PP:3,
7/16/2008,3,15,23,29,42,PB:17,PP:4,
7/12/2008,2,12,20,22,50,PB:17,PP:2,
7/9/2008,5,7,31,49,53,PB:14,PP:4,
7/5/2008,1,24,34,47,48,PB:18,PP:5,
7/2/2008,4,33,46,48,52,PB:17,PP:5,
6/28/2008,14,26,32,34,44,PB:6,PP:3,
6/25/2008,14,21,25,45,53,PB:9,PP:2,
6/21/2008,7,8,9,31,50,PB:31,PP:2,
6/18/2008,9,12,31,39,52,PB:32,PP:4,
6/14/2008,9,11,20,31,50,PB:14,PP:4,
6/11/2008,7,18,21,28,49,PB:1,PP:5,
6/7/2008,12,26,34,44,48,PB:9,PP:2,
6/4/2008,5,18,20,40,52,PB:3,PP:3,
5/31/2008,3,9,14,17,25,PB:8,PP:4,
5/28/2008,10,18,22,37,45,PB:9,PP:2,
5/24/2008,33,40,41,51,52,PB:6,PP:2,
5/21/2008,7,16,21,33,42,PB:25,PP:4,
5/17/2008,12,14,15,21,43,PB:30,PP:3,
5/14/2008,19,21,29,32,46,PB:32,PP:2,
5/10/2008,7,18,30,41,45,PB:6,PP:2,
5/7/2008,9,25,26,28,42,PB:26,PP:2,
5/3/2008,2,28,36,42,46,PB:40,PP:3,
4/30/2008,1,17,25,43,51,PB:38,PP:3,
4/26/2008,7,12,17,27,45,PB:24,PP:5,
4/23/2008,11,20,21,22,39,PB:1,PP:10,
4/19/2008,13,19,24,33,39,PB:8,PP:3,
4/16/2008,11,16,18,21,51,PB:16,PP:10,
4/12/2008,11,29,48,52,55,PB:36,PP:4,
4/9/2008,3,13,19,32,46,PB:18,PP:4,
4/5/2008,12,27,30,37,47,PB:26,PP:5,
4/2/2008,1,34,37,44,55,PB:33,PP:4,
3/29/2008,18,20,25,31,36,PB:7,PP:5,
3/26/2008,9,12,20,37,49,PB:17,PP:2,
3/22/2008,7,25,28,46,48,PB:19,PP:3,
3/19/2008,6,8,29,41,49,PB:42,PP:4,
3/15/2008,6,22,42,43,47,PB:16,PP:2,
3/12/2008,12,19,30,34,36,PB:8,PP:4,
3/8/2008,17,29,31,34,49,PB:16,PP:2,
3/5/2008,10,15,16,23,31,PB:5,PP:3,
3/1/2008,2,19,21,31,55,PB:19,PP:4,
2/27/2008,20,24,37,48,53,PB:11,PP:5,
2/23/2008,8,13,23,29,47,PB:32,PP:3,
2/20/2008,9,12,20,22,36,PB:31,PP:3,
2/16/2008,3,4,8,20,49,PB:18,PP:3,
2/13/2008,13,19,32,38,51,PB:30,PP:3,
2/9/2008,4,23,24,30,43,PB:28,PP:5,
2/6/2008,3,5,12,42,43,PB:5,PP:5,
2/2/2008,14,16,25,26,44,PB:30,PP:3,
1/30/2008,2,17,41,54,55,PB:17,PP:2,
1/26/2008,11,35,39,53,54,PB:24,PP:2,
1/23/2008,4,16,35,47,48,PB:39,PP:3,
1/19/2008,20,23,25,27,28,PB:2,PP:5,
1/16/2008,9,18,19,38,47,PB:11,PP:5,
1/12/2008,23,39,43,47,53,PB:14,PP:3,
1/9/2008,2,13,20,21,23,PB:24,PP:3,
1/5/2008,4,11,16,33,40,PB:9,PP:4,
1/2/2008,2,11,31,34,48,PB:5,PP:4,
12/29/2007,8,12,17,35,49,PB:18,PP:4,
12/26/2007,8,32,41,54,55,PB:20,PP:3,
12/22/2007,5,10,11,34,38,PB:21,PP:4,
12/19/2007,15,18,22,23,42,PB:37,PP:3,
12/15/2007,22,37,47,48,50,PB:17,PP:3,
12/12/2007,7,14,33,40,55,PB:15,PP:5,
12/8/2007,4,8,25,29,31,PB:41,PP:3,
12/5/2007,1,8,15,21,55,PB:41,PP:3,
12/1/2007,7,32,39,41,55,PB:13,PP:2,
11/28/2007,8,23,32,37,39,PB:38,PP:3,
11/24/2007,1,7,13,23,35,PB:19,PP:5,
11/21/2007,3,11,13,20,40,PB:20,PP:2,
11/17/2007,17,27,49,52,53,PB:23,PP:3,
11/14/2007,16,18,20,30,48,PB:6,PP:2,
11/10/2007,6,22,24,26,30,PB:12,PP:4,
11/7/2007,22,29,35,46,52,PB:2,PP:5,
11/3/2007,1,31,38,40,53,PB:42,PP:2,
10/31/2007,6,16,18,29,37,PB:24,PP:2,
10/27/2007,13,25,30,40,43,PB:12,PP:4,
10/24/2007,10,11,18,49,52,PB:2,PP:4,
10/20/2007,10,11,37,40,54,PB:10,PP:3,
10/17/2007,14,15,19,42,46,PB:37,PP:4,
10/13/2007,21,30,34,36,49,PB:42,PP:3,
10/10/2007,12,16,31,33,54,PB:5,PP:4,
10/6/2007,8,30,32,33,51,PB:2,PP:3,
10/3/2007,2,4,14,15,28,PB:23,PP:4,
9/29/2007,31,33,38,49,55,PB:39,PP:3,
9/26/2007,25,27,31,44,54,PB:8,PP:2,
9/22/2007,4,9,18,43,55,PB:3,PP:3,
9/19/2007,20,25,26,45,46,PB:15,PP:3,
9/15/2007,13,16,27,48,51,PB:21,PP:5,
9/12/2007,5,24,26,33,47,PB:1,PP:4,
9/8/2007,7,12,28,30,48,PB:40,PP:2,
9/5/2007,11,20,21,30,48,PB:18,PP:2,
9/1/2007,12,19,23,37,39,PB:13,PP:4,
8/29/2007,13,16,33,44,47,PB:29,PP:3,
8/25/2007,2,8,23,29,35,PB:19,PP:3,
8/22/2007,12,37,40,48,50,PB:37,PP:4,
8/18/2007,12,15,28,31,50,PB:12,PP:5,
8/15/2007,19,22,24,38,51,PB:9,PP:2,
8/11/2007,1,10,11,37,40,PB:20,PP:4,
8/8/2007,9,16,21,30,52,PB:9,PP:2,
8/4/2007,2,23,24,27,36,PB:3,PP:2,
8/1/2007,9,16,23,51,52,PB:12,PP:5,
7/28/2007,15,19,24,27,47,PB:11,PP:5,
7/25/2007,28,35,40,47,53,PB:30,PP:5,
7/21/2007,14,30,39,43,46,PB:14,PP:4,
7/18/2007,3,9,14,40,42,PB:3,PP:4,
7/14/2007,1,21,30,34,36,PB:37,PP:5,
7/11/2007,8,20,29,42,43,PB:35,PP:5,
7/7/2007,15,21,27,41,47,PB:20,PP:3,
7/4/2007,1,2,15,17,49,PB:35,PP:5,
6/30/2007,24,38,39,46,47,PB:26,PP:3,
6/27/2007,9,11,13,24,43,PB:18,PP:4,
6/23/2007,14,15,27,43,53,PB:28,PP:4,
6/20/2007,23,31,32,37,55,PB:35,PP:3,
6/16/2007,4,8,32,47,51,PB:27,PP:5,
6/13/2007,10,13,28,30,47,PB:26,PP:3,
6/9/2007,7,10,25,32,41,PB:22,PP:2,
6/6/2007,5,9,14,45,48,PB:28,PP:4,
6/2/2007,2,22,32,36,47,PB:36,PP:5,
5/30/2007,7,23,35,54,55,PB:28,PP:2,
5/26/2007,1,5,21,46,51,PB:29,PP:4,
5/23/2007,3,11,24,36,38,PB:6,PP:4,
5/19/2007,3,19,21,26,45,PB:2,PP:2,
5/16/2007,6,7,16,34,42,PB:23,PP:2,
5/12/2007,30,44,46,51,53,PB:25,PP:3,
5/9/2007,2,13,30,44,52,PB:40,PP:4,
5/5/2007,13,21,29,40,50,PB:6,PP:2,
5/2/2007,1,8,35,40,47,PB:9,PP:3,
4/28/2007,16,22,43,46,49,PB:10,PP:4,
4/25/2007,12,13,14,17,53,PB:11,PP:4,
4/21/2007,22,26,28,33,45,PB:17,PP:4,
4/18/2007,6,10,12,13,24,PB:19,PP:3,
4/14/2007,12,21,36,38,49,PB:18,PP:10,
4/11/2007,6,15,38,42,51,PB:18,PP:2,
4/7/2007,2,28,31,54,55,PB:23,PP:4,
4/4/2007,19,30,39,40,53,PB:16,PP:5,
3/31/2007,2,5,16,36,40,PB:36,PP:2,
3/28/2007,6,20,35,37,47,PB:1,PP:2,
3/24/2007,10,38,40,48,53,PB:3,PP:5,
3/21/2007,16,24,38,53,54,PB:5,PP:5,
3/17/2007,7,17,44,47,54,PB:3,PP:3,
3/14/2007,4,27,30,39,44,PB:18,PP:2,
3/10/2007,14,18,34,42,43,PB:32,PP:5,
3/7/2007,13,16,18,19,46,PB:36,PP:5,
3/3/2007,1,5,16,22,48,PB:6,PP:3,
2/28/2007,13,20,41,42,53,PB:2,PP:3,
2/24/2007,36,38,42,54,55,PB:24,PP:3,
2/21/2007,2,8,22,29,37,PB:3,PP:3,
2/17/2007,1,15,35,37,45,PB:32,PP:3,
2/14/2007,3,26,30,54,55,PB:15,PP:3,
2/10/2007,2,11,16,41,42,PB:16,PP:3,
2/7/2007,4,22,28,37,52,PB:10,PP:3,
2/3/2007,12,13,20,33,42,PB:37,PP:5,
1/31/2007,2,15,25,42,48,PB:14,PP:4,
1/27/2007,10,19,26,27,32,PB:14,PP:5,
1/24/2007,9,19,29,42,53,PB:17,PP:3,
1/20/2007,1,5,26,32,38,PB:30,PP:5,
1/17/2007,16,35,49,50,52,PB:31,PP:2,
1/13/2007,1,21,23,25,26,PB:4,PP:2,
1/10/2007,36,42,45,53,54,PB:36,PP:2,
1/6/2007,1,24,40,49,50,PB:38,PP:4,
1/3/2007,10,12,24,35,55,PB:31,PP:3,
